id,firstName,lastName,salary
1,John,Doe,67573
2,Jane,Smith,95269
3,Michael,Johnson,52196
4,Emily,Brown,45322
5,William,Davis,95480
6,Emma,Miller,49038
7,Alexander,Wilson,84802
8,Olivia,Moore,81671
9,James,Taylor,40238
10,Sophia,Anderson,36465
11,Matthew,Thompson,52563
12,Samantha,Clark,58645
13,David,Lewis,70217
14,Isabella,Hall,43504
15,Nicholas,Harris,33188
16,Elizabeth,King,89349
17,Christopher,White,81496
18,Ava,Martin,53319
19,Andrew,Lee,55403
20,Mia,Allen,75220
21,Joseph,Young,82904
22,Abigail,Wright,62579
23,Daniel,Robinson,99339
24,Emily,Green,66691
25,Matthew,Hill,94467
26,Sarah,Adams,53335
27,Alexander,Nelson,59022
28,Grace,Baker,74607
29,William,Hall,38789
30,Victoria,Carter,64186
31,Michael,Ward,45476
32,Charlotte,Collins,59623
33,Nathan,Cook,46204
34,Hannah,Bell,60849
35,Ethan,Mitchell,42331
36,Lauren,Kelly,77042
37,Christopher,Bailey,57665
38,Amelia,Cox,62459
39,Joshua,Richardson,72208
40,Addison,Wood,77542
41,Andrew,Evans,99870
42,Natalie,Murphy,51456
43,Julian,Gray,56048
44,Grace,Ross,66385
45,Joshua,Fisher,72865
46,Audrey,Myers,99017
47,Logan,Reed,86379
48,Hannah,Hughes,34570
49,Lucas,Price,87759
50,Ella,Cooper,75645
51,Owen,Bennett,38370
52,Chloe,Bailey,41944
53,Evan,Foster,91757
54,Anna,Simmons,38469
55,Isaac,Turner,47747
56,Avery,Foster,84125
57,Lily,Gonzalez,68717
58,Jack,Perez,57199
59,Madison,Rogers,59695
60,Benjamin,Stewart,89886
61,Avery,Washington,44018
62,Madeline,Sanders,87295
63,Luke,Reyes,57723
64,Autumn,Morris,52076
65,Henry,Ortiz,45678
66,Sophie,Jenkins,47046
67,Aiden,James,86754
68,Katherine,Long,89567
69,Adam,Bryant,65308
70,Amelia,Patterson,78796
71,Leah,Collins,98324
72,Ethan,Simmons,32547
73,Ashley,Foster,66540
74,Gabriel,Gomez,58952
75,Lillian,Morales,33500
76,Jackson,Flores,55173
77,Kylie,Gutierrez,36809
78,Christian,Howard,91693
79,Zoe,Washington,44907
80,Blake,Stevens,35207
81,Aaliyah,Nguyen,85280
82,Connor,Alexander,81074
83,Elizabeth,Brooks,71281
84,Levi,Watson,74758
85,Hailey,Torres,87264
86,Brandon,Bryant,54893
87,Brooklyn,Foster,42854
88,Landon,Kim,99152
89,Kayla,Hansen,98765
90,Samantha,Grant,56143
91,Thomas,Fletcher,72184
92,Julia,Ramirez,32998
93,Jonathan,Reyes,61522
94,Kaylee,Dixon,74590
95,Dylan,Parker,62336
96,Julia,Scott,43717
97,Christopher,Perez,89463
98,Caroline,Myers,82294
99,Mason,Jenkins,83707
100,Scarlett,Simmons,40597
